{
    "0": {
        "cell_adjacency": [
            [0, 4, 2, 2], 
            [0, 0, 1, 1], 
            [0, 0, 0, 1], 
            [0, 0, 0, 0]], 
        "cifar10_val_acc": 81.98266665690103, 
        "cifar10_test_acc": 85.86333333333334, 
        "cifar100_val_acc": 52.70000000406901, 
        "cifar100_test_acc": 52.913333294677734, 
        "imagenet16_val_acc": 28.211111075507272, 
        "imagenet16_test_acc": 26.633333287556965, 
        "cifar10_latency": 0.0139359758611311, 
        "cifar100_latency": 0.013182918230692545, 
        "imagenet16_latency": 0.012976543108622235, 
        "cifar10-valid_total_flops": 16315008, 
        "cifar10-valid_total_params": 129306, 
        "cifar10-valid_opt_flops": {
            "cells0": [0, 294912, 0, 294912, 0, 0], 
            "cells1": [0, 294912, 0, 294912, 0, 0], 
            "cells2": [0, 294912, 0, 294912, 0, 0], 
            "cells3": [0, 294912, 0, 294912, 0, 0], 
            "cells4": [0, 294912, 0, 294912, 0, 0], 
            "cells6": [0, 278528, 0, 278528, 0, 0], 
            "cells7": [0, 278528, 0, 278528, 0, 0], 
            "cells8": [0, 278528, 0, 278528, 0, 0], 
            "cells9": [0, 278528, 0, 278528, 0, 0], 
            "cells10": [0, 278528, 0, 278528, 0, 0], 
            "cells12": [0, 270336, 0, 270336, 0, 0], 
            "cells13": [0, 270336, 0, 270336, 0, 0], 
            "cells14": [0, 270336, 0, 270336, 0, 0], 
            "cells15": [0, 270336, 0, 270336, 0, 0], 
            "cells16": [0, 270336, 0, 270336, 0, 0]
        }, 
        "cifar10-valid_opt_params": {
            "cells0": [0, 288, 0, 288, 0, 0], 
            "cells1": [0, 288, 0, 288, 0, 0], 
            "cells2": [0, 288, 0, 288, 0, 0], 
            "cells3": [0, 288, 0, 288, 0, 0], 
            "cells4": [0, 288, 0, 288, 0, 0], 
            "cells6": [0, 1088, 0, 1088, 0, 0], 
            "cells7": [0, 1088, 0, 1088, 0, 0], 
            "cells8": [0, 1088, 0, 1088, 0, 0], 
            "cells9": [0, 1088, 0, 1088, 0, 0], 
            "cells10": [0, 1088, 0, 1088, 0, 0], 
            "cells12": [0, 4224, 0, 4224, 0, 0], 
            "cells13": [0, 4224, 0, 4224, 0, 0], 
            "cells14": [0, 4224, 0, 4224, 0, 0], 
            "cells15": [0, 4224, 0, 4224, 0, 0], 
            "cells16": [0, 4224, 0, 4224, 0, 0]
        }, 
        "cifar100_total_flops": 16320768, 
        "cifar100_total_params": 135156, 
        "cifar100_opt_flops": {
            "cells0": [0, 294912, 0, 294912, 0, 0], 
            "cells1": [0, 294912, 0, 294912, 0, 0], 
            "cells2": [0, 294912, 0, 294912, 0, 0], 
            "cells3": [0, 294912, 0, 294912, 0, 0], 
            "cells4": [0, 294912, 0, 294912, 0, 0], 
            "cells6": [0, 278528, 0, 278528, 0, 0], 
            "cells7": [0, 278528, 0, 278528, 0, 0], 
            "cells8": [0, 278528, 0, 278528, 0, 0], 
            "cells9": [0, 278528, 0, 278528, 0, 0], 
            "cells10": [0, 278528, 0, 278528, 0, 0], 
            "cells12": [0, 270336, 0, 270336, 0, 0], 
            "cells13": [0, 270336, 0, 270336, 0, 0], 
            "cells14": [0, 270336, 0, 270336, 0, 0], 
            "cells15": [0, 270336, 0, 270336, 0, 0], 
            "cells16": [0, 270336, 0, 270336, 0, 0]
        }, 
        "cifar100_opt_params": {
            "cells0": [0, 288, 0, 288, 0, 0], 
            "cells1": [0, 288, 0, 288, 0, 0], 
            "cells2": [0, 288, 0, 288, 0, 0], 
            "cells3": [0, 288, 0, 288, 0, 0], 
            "cells4": [0, 288, 0, 288, 0, 0], 
            "cells6": [0, 1088, 0, 1088, 0, 0], 
            "cells7": [0, 1088, 0, 1088, 0, 0], 
            "cells8": [0, 1088, 0, 1088, 0, 0], 
            "cells9": [0, 1088, 0, 1088, 0, 0], 
            "cells10": [0, 1088, 0, 1088, 0, 0], 
            "cells12": [0, 4224, 0, 4224, 0, 0], 
            "cells13": [0, 4224, 0, 4224, 0, 0], 
            "cells14": [0, 4224, 0, 4224, 0, 0], 
            "cells15": [0, 4224, 0, 4224, 0, 0], 
            "cells16": [0, 4224, 0, 4224, 0, 0]
        }, 
        "ImageNet16-120_total_flops": 4086272, 
        "ImageNet16-120_total_params": 136456, 
        "ImageNet16-120_opt_flops": {
            "cells0": [0, 73728, 0, 73728, 0, 0], 
            "cells1": [0, 73728, 0, 73728, 0, 0], 
            "cells2": [0, 73728, 0, 73728, 0, 0], 
            "cells3": [0, 73728, 0, 73728, 0, 0], 
            "cells4": [0, 73728, 0, 73728, 0, 0], 
            "cells6": [0, 69632, 0, 69632, 0, 0], 
            "cells7": [0, 69632, 0, 69632, 0, 0], 
            "cells8": [0, 69632, 0, 69632, 0, 0], 
            "cells9": [0, 69632, 0, 69632, 0, 0], 
            "cells10": [0, 69632, 0, 69632, 0, 0], 
            "cells12": [0, 67584, 0, 67584, 0, 0], 
            "cells13": [0, 67584, 0, 67584, 0, 0], 
            "cells14": [0, 67584, 0, 67584, 0, 0], 
            "cells15": [0, 67584, 0, 67584, 0, 0], 
            "cells16": [0, 67584, 0, 67584, 0, 0]
        }, 
        "ImageNet16-120_opt_params": {
            "cells0": [0, 288, 0, 288, 0, 0], 
            "cells1": [0, 288, 0, 288, 0, 0], 
            "cells2": [0, 288, 0, 288, 0, 0], 
            "cells3": [0, 288, 0, 288, 0, 0], 
            "cells4": [0, 288, 0, 288, 0, 0], 
            "cells6": [0, 1088, 0, 1088, 0, 0], 
            "cells7": [0, 1088, 0, 1088, 0, 0], 
            "cells8": [0, 1088, 0, 1088, 0, 0], 
            "cells9": [0, 1088, 0, 1088, 0, 0], 
            "cells10": [0, 1088, 0, 1088, 0, 0], 
            "cells12": [0, 4224, 0, 4224, 0, 0], 
            "cells13": [0, 4224, 0, 4224, 0, 0], 
            "cells14": [0, 4224, 0, 4224, 0, 0], 
            "cells15": [0, 4224, 0, 4224, 0, 0], 
            "cells16": [0, 4224, 0, 4224, 0, 0]
        }, 
        "arch_str": "|avg_pool_3x3~0|+|nor_conv_1x1~0|skip_connect~1|+|nor_conv_1x1~0|skip_connect~1|skip_connect~2|"
    }
        
}